text,embedding
[{role: assistant, content: [{type: text, text: 您好！我是您的回忆助手，很高兴与您一起回顾过去的时光。

你有没有在一次难忘的旅行中拍的照片？

这次旅行中品尝了当地的特色美食...
旅行中遇到了一个带给我无限启发的人...
那是我第一次体验到自然的壮丽景色...}]}, {role: user, content: [{type: text, text: 看这个}]}],[-0.005804662,0.0109375985,0.0156193245,-0.00022475679,-0.0061371326,0.03245997,-0.0074500516,-0.013936617,-0.019473268,-0.040222134,-0.018618343,0.011317564,-0.022228023,-0.02944738,-0.008779933,-0.010672979,0.032297127,0.004562987,0.019934654,-0.0025613792,0.009539866,0.03373557,-0.0014257213,0.0068563544,-0.009899477,-0.0021898944,0.025864841,-0.021563081,0.019812522,0.0013035894,0.026841898,-0.008433892,-0.010801896,-0.03433266,-0.0032229275,-0.02382931,-0.014845822,-0.008081066,0.013705923,0.008888495,0.011073301,0.002773414,0.012355686,0.02879601,-0.016324976,0.021332389,0.0005143962,-0.038105182,0.017695569,0.018455502,0.013217395,0.03368129,-0.021915907,-0.01135149,-0.0043696114,-0.013332742,-0.0030091966,0.04478173,0.0032042684,-0.033464167,-0.00917347,0.025023488,-0.034169815,0.008467818,0.0056045013,-0.009444874,-0.019323995,0.0016504782,0.0258377,0.020029647,0.0039319717,0.012708512,0.008786718,-0.0058860835,0.043478988,-0.016053572,0.012912066,0.0018099282,-0.0023205078,0.008793503,0.014235162,-0.02819892,0.0078096623,0.04041212,0.0063067605,0.042746197,-0.0054348735,0.028144639,-0.032297127,-0.03251425,0.007416126,0.028280342,-0.0027835916,0.012661017,0.014682979,0.030180173,0.005258461,0.028307483,-0.0035146873,-0.013787345,0.015565044,0.006065889,-0.03859371,-0.008813859,-0.026041254,-0.003341667,0.018726906,0.006622268,0.024304267,0.008820644,-0.037372388,0.044021796,0.010001253,-0.019771812,-0.05884048,-0.016949207,0.004837784,-0.013963758,-0.00238327,-0.025498446,-0.005421303,0.036856722,0.0057164556,-0.023069376,0.009682353,0.019351136,0.015958581,-0.014900103,0.0046410155,-0.016107854,0.033382744,0.028443184,0.024372118,0.0073957704,-0.02083029,0.011812878,-0.015252929,0.0075518284,-0.015415772,-0.00030087726,0.009838411,0.017546296,-0.022404436,-0.012199629,0.020436753,0.022811541,-0.016732084,0.0075111175,0.007782522,0.020721728,0.027981797,-0.031510055,0.0058318027,0.011419341,0.009438089,0.010523707,-0.0012493085,0.0034315698,-0.010706904,-0.023747887,0.0044205,0.011928225,0.012783148,-0.010571202,0.0061642732,0.035309717,0.011236143,0.015999291,0.013597362,-0.0022865823,-0.023001526,0.023001526,-0.016392827,0.0049022427,-0.010679764,-0.0038437652,0.018794756,0.013373453,-0.021006703,-0.0040303557,-0.030587278,-0.021698784,0.012091068,0.005601109,-0.0043289005,-0.024046432,-0.0032025722,-0.008779933,-0.013651643,-0.004189806,-0.0017437735,0.035255436,0.0022679232,-0.00027267664,-0.6296583,-0.0024154994,-0.0027174368,-0.007178647,0.017953403,0.009132759,-0.009723064,0.016650662,-0.010014824,-0.037019562,-0.029800206,0.015117226,0.01042193,-0.0020134817,-0.009003842,-0.01469655,0.006727437,-0.005302564,0.0013638072,-0.0037860917,-0.01594501,0.024005722,0.00035388593,0.012606735,-0.0054789768,-0.0033467559,-0.0054416587,-0.0052279276,-0.028253201,0.045161698,-0.042149108,-0.005112581,-0.0017895729,-0.011867158,0.06188021,0.006316938,-0.024087142,0.018156957,0.0053432747,0.032731373,-0.0128374295,0.005322919,0.015361491,0.0011373542,0.00856281,-0.003623249,-0.0042067687,0.016881356,0.0109579535,-0.017953403,0.009003842,0.015456482,0.00012085978,0.0013587184,0.008474603,-0.035364,0.020762438,-0.02750684,-0.008237124,0.0016301229,0.0111343665,0.019893944,-0.013746634,-0.01719347,-0.025891982,0.04062924,-0.021413809,0.009607716,0.0055773607,-0.02270298,0.0069683087,0.015076516,-0.004875102,-0.0017335957,-0.001270512,0.013047768,0.010279443,0.005051515,-0.0025138834,0.012654232,0.012491389,-0.01103259,0.0040948144,-0.01962254,-0.01165682,-0.01897117,-0.03938078,-0.0156193245,0.028606027,-0.008888495,0.017247751,-0.006469603,0.0010728956,0.005248283,-0.01379413,0.027452558,-0.03311134,-0.0009974113,0.015850019,-0.023449343,0.0035180799,0.0019744672,0.018156957,0.023517193,0.008114993,0.012830644,-0.024100713,0.0049497383,0.031075807,-0.026638344,0.00856281,0.00030002912,-0.0011085174,-0.014452286,-0.018631915,-0.0263398,0.012538885,0.016419968,0.02817178,0.0063372934,-0.00070734776,0.007850373,0.014574418,-0.00828462,0.010964739,0.033437025,0.00019019513,-0.019907515,-0.0026529783,0.015456482,0.021671643,-0.0017997506,0.01788555,-0.013203826,0.015646465,-0.00029557638,0.011229359,-0.007171862,0.021291677,-0.01591787,0.017315602,0.001949023,0.011860373,-0.026706196,-0.025199901,-0.013509155,0.0009948668,-0.0039184014,-0.027357567,-0.00658495,-0.0065340614,-0.0053432747,-0.014628699,0.013658428,0.0030770476,0.0062456946,0.00003994204,-0.008942775,-0.02274369,-0.012443893,0.0028548352,-0.0066460157,-0.016460678,-0.0007654453,-0.020640306,-0.024684232,0.01772271,0.024847075,-0.01663709,-0.02514562,-0.014805111,-0.0003965049,-0.020898141,-0.021590222,0.0065408465,0.015809309,-0.014492996,-0.0074093407,0.0195954,-0.01966325,-0.01777699,0.010544062,-0.011480407,-0.013597362,0.0128374295,-0.0008375371,0.0033976443,0.027751103,-0.021563081,0.041416317,0.0035621831,0.02822606,-0.015117226,-0.0029905376,-0.007667175,0.026584063,-0.0057639517,0.015836447,0.011989291,0.0030142854,0.0036368193,-0.022146601,0.016202845,-0.014411575,-0.0043730037,-0.015442912,0.0092548905,-0.0010839214,0.013081693,-0.007531473,0.027411846,-0.036531035,-0.0073347045,-0.0058250176,0.01228105,0.0076400344,0.01471012,0.01014374,-0.02327293,-0.030288734,0.0005271183,-0.0071922173,-0.013868766,-0.0009677264,-0.0048886724,0.0121521335,0.008942775,0.0071243662,-0.008332116,-0.011188648,0.017356314,0.013760204,0.0035180799,0.0030261592,-0.0037894843,-0.015755028,0.02695046,-0.030532997,0.040846366,0.005041337,-0.011887514,0.015415772,0.008332116,-0.014031609,0.0104694255,-0.008976702,0.020518174,0.004803858,-0.0022339977,0.015293639,-0.0018184097,0.010476211,-0.01291885,-0.0195954,-0.0017132404,0.009655212,-0.022214452,0.016799934,0.015280069,0.03745381,0.00015054464,0.0159043,0.022418005,-0.0010533885,0.006072674,-0.013000272,-0.008684942,-0.0090581225,-0.025362743,-0.014995094,0.008698512,-0.01770914,-0.006737615,-0.008209984,0.0041931984,0.0007069237,0.015497193,-0.0024273733,-0.0046070903,-0.007877514,-0.021888766,-0.028416043,0.021712353,0.007042945,-0.0012739046,-0.022377295,-0.037073843,0.012416753,-0.0073822006,0.0109579535,0.0077621667,0.009899477,-0.0018099282,0.00023917515,0.0041015996,0.024317836,0.026679056,-0.024154995,-0.014126601,-0.007945364,-0.016162133,-0.008277835,-0.004763148,-0.021522371,0.007226143,-0.0049700937,-0.015537904,0.0070225894,-0.0034773692,0.0002578342,-0.008807073,-0.014587988,-0.0066188755,-0.002951523,0.024629952,0.00858995,-0.02216017,-0.0053907703,0.027723962,0.008488174,-0.007857158,-0.0138959065,-0.014859392,0.029040273,0.033545587,0.045758788,-0.0014435323,-0.0022933674,0.022662269,0.019988935,-0.045921627,-0.017926263,0.012335331,-0.0059098313,-0.016664231,0.014615129,0.020463893,-0.0006886887,0.02153594,-0.002139006,-0.005845373,-0.011093656,0.016107854,-0.014357294,-0.0016352116,-0.003097403,0.026774047,0.014628699,-0.012342116,-0.016840644,0.027276145,0.026638344,0.0030210705,-0.029664503,0.0019320602,0.024412828,0.024765654,-0.004800466,-0.024046432,0.023354352,0.0056180716,0.019798953,0.020504605,0.0045358464,0.018156957,0.04456461,0.0109375985,-0.024752084,0.0065951278,-0.01168396,0.012396397,0.0134888,-0.016121423,0.007986075,0.0047461847,0.02324579,-0.012131778,-0.025607008,0.007904654,-0.0015258017,0.004417107,-0.018251948,-0.005858943,-0.01656924,0.016257126,-0.030722981,-0.0226487,-0.01779056,-0.025335602,-0.022173742,-0.028687447,-0.010856177,-0.018116245,0.008162488,-0.02028748,0.0017675214,-0.0011653428,-0.013149545,0.00031487155,0.015442912,0.010218376,-0.014805111,0.013515941,0.009682353,0.02091171,-0.024114283,0.023544334,-0.017953403,-0.01712562,0.009193825,0.0039150086,-0.015863588,-0.011426127,0.004427285,0.0165421,0.0081964135,0.014180881,0.010299798,0.007538258,-0.0065103136,-0.007897869,0.013237751,-0.010516922,-0.03259567,0.0041694506,-0.040764946,-0.00951951,-0.021508802,0.030804403,-0.008040356,0.011141152,0.02211946,0.0027632364,-0.013705923,0.016107854,-0.01715276,0.004637623,-0.004386574,-0.007321134,0.02027391,-0.0009626376,0.021658074,-0.006737615,-0.03129293,0.0019625933,-0.022960814,0.021943048,0.025552727,-0.008691727,0.018740475,-0.007416126,-0.009492369,0.017302033,-0.010320153,0.0021593615,-0.0039896453,-0.0073957704,0.009492369,-0.038295165,-0.008114993,-0.008556024,-0.0008231187,0.00080191524,-0.015768597,-0.023978582,-0.018048394,-0.006761363,-0.0012798415,0.022445146,-0.03373557,-0.012043571,-0.007293994,0.0036266416,0.02879601,0.0020779402,0.0011984202,-0.050454084,0.0014571025,0.007904654,-0.04472745,-0.024629952,0.021142405,-0.0014749134,0.0011365061,0.042529073,-0.002895546,0.00953308,0.0040269634,-0.0012671194,0.024046432,-0.00658495,-0.0052211424,-0.028958851,0.012111423,0.005699493,0.017682,-0.004936168,-0.018767616,-0.021237396,0.0062389094,0.003623249,0.0034654953,-0.018170526,-0.043180443,-0.016284266,-0.018007684,-0.027316855,0.01379413,-0.0060624965,0.002926079,0.02705902,-0.016881356,0.03262281,-0.0019032236,0.016406398,-0.030505858,0.0031788244,-0.01966325,-0.008325331,-0.005302564,-0.0156193245,0.002407018,-0.0058182324,0.014818681,0.031591475,0.0033993404,0.008155703,0.0065408465,0.0060150004,0.018211236,-0.027954657,-0.020898141,-0.01013017,-0.0070293746,-0.0070768707,-0.008522099,-0.003402733,-0.025512015,0.0040100003,-0.0021373099,-0.022662269,0.024358548,-0.011107226,-0.012314976,-0.025959833,-0.00428819,0.043940376,0.0013697442,0.025973404,0.013000272,-0.0031703429,-0.039950732,-0.046383016,0.016881356,-0.012091068,0.023150798,0.030125892,-0.005065085,0.004556202,0.025349174,0.028307483,-0.002608875,-0.037073843,-0.0013688961,0.014560848,0.014180881,-0.0048581394,-0.012817074,-0.0151307965,0.0070633003,-0.014370864,-0.016053572,-0.03259567,-0.0062999753,-0.031917162,0.011297209,0.0013900995,0.008501744,0.0021474876,-0.0069615236,0.0226487,0.00111191,-0.004552809,0.027276145,-0.012532099,0.022553708,-0.011799308,0.02017892,-0.020382473,0.040032152,0.007483977,-0.019323995,0.0023289893,0.035879664,-0.024209274,-0.025091339,0.004881887,0.0067104744,0.011263284,0.006690119,-0.008162488,0.007823233,-0.0030617812,-0.0055061174,0.029284537,0.0044713877,-0.0014096068,0.005845373,0.009044552,-0.012036786,0.01716633,0.014560848,-0.02699117,-0.019703962,-0.0031567728,-0.020016076,-0.004736007,0.035282575,-0.00067851105,-0.012762793,0.009288817,0.013814486,-0.019893944,0.0330842,-0.024385687,0.0005758863,-0.03305706,-0.007524688,0.008101422,-0.011303995,0.025566297,-0.011826448,-0.020409612,-0.009030982,0.0112904245,0.016664231,-0.008834214,0.02017892,0.019229004,-0.009370238,-0.017980544,0.009723064,-0.031917162,0.007483977,-0.008033571,0.015402202,0.0038776908,-0.036856722,0.012504959,-0.014235162,0.011575399,0.0016911888,-0.047984302,-0.019758243,-0.016229985,0.017505586,-0.00088800135,-0.021183116,-0.010442285,-0.0058487654,-0.015850019,0.017926263,0.01962254,-0.0159043,0.023557905,0.032297127,0.021820916,0.014303014,0.00027331273,0.010910458,-0.010313368,-0.0042915824,-0.0074500516,-0.0068326066,0.0073957704,0.02507777,-0.015578615,-0.0075450432,-0.013780559,-0.0085492395,-0.045270257,-0.03560826,-0.024969207,0.01772271,0.013176685,0.005658782,-0.024629952,-0.00062295794,-0.009166685,0.011405771,-0.0049633086,-0.010510136,0.01964968,-0.017831272,0.009492369,0.035961088,-0.04231195,-0.023802169,0.004386574,-0.015171507,0.014343724,0.02198376,-0.014031609,-0.021373099,-0.021861626,-0.0049497383,-0.007117581,0.010510136,0.034875467,-0.021359527,-0.008209984,-0.012057141,-0.01532078,0.0025698608,0.006703689,-0.004776718,0.0029532195,0.025254183,0.0011314172,-0.00083965744,0.018184097,-0.011575399,0.018034823,-0.00735506,-0.004278012,0.03425124,0.007321134,0.00087697554,-0.011887514,0.0035418277,-0.025593437,-0.005767344,0.013135974,-0.011493977,0.028307483,-0.014791541,0.016270695,-0.03129293,0.0042644423,0.012844214,0.00039184015,-0.0269776,0.008651016,0.023842879,-0.02083029,-0.012844214,-0.012593165,-0.04977557,-0.028470324,-0.010340509,0.00006249723,-0.023055807,-0.0092141805,0.025335602,-0.016352117,-0.01229462,0.004220339,-0.0025953047,-0.003935364,0.016976347,0.24643523,-0.017695569,-0.006727437,0.003078744,-0.008990272,0.013549866,0.017424164,0.0121521335,0.0058250176,-0.008081066,-0.008712082,0.015741456,-0.015470052,-0.014167311,0.00085577206,-0.057212055,-0.05156684,-0.014438716,-0.009756989,-0.03669388,0.005346667,-0.019378277,-0.0048920647,-0.026136246,0.022255164,-0.011968935,0.008766363,-0.026258377,0.0029413456,0.029121695,-0.028524606,-0.013889122,0.012844214,0.015999291,-0.015578615,0.0053059566,0.009790915,0.014330153,0.034739766,0.012308191,0.0020287482,-0.024005722,0.03134721,0.0049904487,0.0171799,-0.0063678264,-0.021373099,-0.026027685,-0.0104694255,0.025349174,-0.006255872,-0.01780413,0.031211508,0.037589513,0.02028748,0.004013393,0.017980544,0.009804485,-0.012355686,0.019269714,-0.02024677,0.046138752,-0.011236143,-0.0046817265,-0.004539239,0.011751812,0.006157488,-0.016311405,0.027425418,-0.0085288845,0.01655567,-0.018021254,-0.024684232,-0.01838765,-0.028741729,-0.021644503,0.013936617,0.00006376944,0.01964968,0.028524606,-0.010259087,-0.006462818,-0.002627534,-0.0023289893,-0.0057809143,-0.038295165,0.024304267,-0.0043289005,-0.024168564,-0.013129189,-0.006364434,0.0044679954,-0.0032856897,-0.007972505,0.010917243,0.0009142937,0.0019066161,0.013699139,-0.017871981,-0.0075721834,-0.006357649,0.029474521,0.009458444,0.025593437,-0.011107226,-0.016284266,-0.009030982,-0.0035757534,-0.0016954296,0.011731456,0.0013934921,-0.014777971,-0.0025478092,-0.010177666,-0.036395334,-0.0017064554,-0.0050006267,-0.013373453,0.018279089,-0.024317836,0.012030001,-0.016935635,-0.018170526,-0.0021474876,-0.011853589,-0.018292658,-0.008929206,0.00383698,0.019120442,-0.05083405,0.03739953,-0.016677802,0.037833776,-0.0025986973,-0.0059471494,0.010829037,0.024222845,0.0059708976,0.007999646,0.01042193,0.008461033,-0.0004179204,0.01532078,-0.02198376,0.01902545,-0.021780206,-0.0074364813,-0.0024256771,0.012301406,-0.011853589,-0.02332721,0.001625034,-0.009967327,-0.0029718785,0.03560826,0.012342116,-0.038105182,-0.0018234985,0.010883317,-0.018265517,-0.038837973,-0.0026360154,0.033545587,-0.0051465062,-0.0061914134,0.00060896366,-0.17424165,0.018279089,0.00981127,-0.056017872,-0.0015012057,-0.009139544,-0.009315957,-0.0044713877,0.002332382,0.00799286,0.003853943,-0.02149523,-0.042366233,-0.026421221,-0.006842784,0.024263555,-0.018034823,0.007110796,0.014832252,0.012898495,0.025050629,-0.018984739,-0.013936617,0.0061981985,0.005903046,0.0070972256,0.024344977,0.0056723524,-0.011052946,0.002155969,0.0156193245,-0.0071990024,0.01164325,0.002608875,0.019215433,0.014669409,-0.005804662,0.00058182323,-0.017329173,0.022635128,0.022635128,0.038268026,-0.0032178387,0.011514333,-0.019432558,0.022974385,-0.011080085,-0.018238377,0.0070768707,0.003921794,0.009098833,-0.040140714,0.04168772,0.022540137,0.00088800135,0.027751103,0.006829214,0.022553708,0.01660995,0.022811541,0.001142443,-0.025824131,0.000011840813,0.01286457,0.0051363287,-0.00829819,-0.011534688,0.00766039,0.006601913,0.0019320602,-0.02517276,-0.014208022,0.017437734,0.010639054,0.025362743,0.0081760585,-0.008651016,0.015795738,0.0063508637,0.009370238,-0.012084282,0.02817178,-0.022038039,0.017926263,-0.010211592,0.018794756,0.015117226,0.0030024115,-0.0065035284,-0.013380238,0.03064156,-0.028551746,-0.008915636,-0.0032381942,-0.030451577,0.021766635,-0.016799934,0.023775028,-0.011778953,-0.007897869,0.0015580311,0.00031253917,0.0075111175,-0.008813859,0.009492369,0.0020847253,0.0076875305,0.017329173,0.033382744,-0.020965992,-0.006914028,0.010910458,0.009980897,0.025050629,-0.007918224,0.027221864,-0.016813504,-0.040222134,0.022255164,-0.0026902964,-0.029474521,-0.021590222,-0.004278012,-0.012043571,-0.009872336,-0.008304975,-0.08158417,-0.040140714,0.007300779,-0.0014138474,-0.0226487,-0.0011466837,0.013346313,-0.00013814062,-0.021915907,-0.0010101333,-0.001264575,-0.009166685,-0.0099198315,-0.01319704,0.0202332,0.0003721209,-0.00073406415,-0.009051338,-0.022241592,0.039570764,-0.007470407,-0.031917162,0.022418005,-0.01906616,-0.0004715652,0.019921085,-0.014615129,0.02643479,0.006320331,0.0067783254,0.0066154827,0.0002639832,0.0022356939,-0.016827075,-0.0021101695,0.00009154598,-0.03498403,0.0014028216,0.028606027,-0.02270298,-0.00252915,0.001423177,0.01165682,-0.019432558,0.006456033,-0.0066154827,-0.022974385,0.022540137,-0.0023306855,-0.009288817,-0.0032025722,0.013923047,-0.02081672,0.008399967,0.04103635,0.006215161,0.019907515,0.012532099,0.000009813231,-0.008712082,0.03001733,-0.026095536,-0.030315874,0.022377295,0.028904572,0.02024677,-0.0068529616,0.008128563,-0.015592184,-0.01655567,-0.012599951,0.03175432,-0.014303014,-0.0008337205,-0.036531035,-0.0039489344,-0.017247751,-0.0067783254,0.027764672,-0.051946808,-0.013617717,-0.02202447,0.016080713,-0.015578615,0.0073754154,0.0030329444,0.008508529,-0.013509155,-0.0031533802,-0.038702272,-0.009404164,0.019473268,0.013536296,-0.0036741374,0.014058749,0.0028361762,0.0062830127,0.01532078,-0.0028887608,-0.008155703,-0.0061371326,-0.022811541,-0.074581936,0.013950188,-0.006469603,0.0061371326,0.0027377922,-0.00673083,0.015565044,-0.011663605,-0.0094109485,-0.004081244,0.0037284184,0.0035520054,-0.0070633003,0.0010211591,-0.008461033,-0.02885029,0.000045481444,-0.0014927244,0.007782522,0.024969207,0.0010067408,0.008094637,0.004827606,-0.0056486046,0.005075263,0.011717886,-0.012165704,0.041117772,-0.0119757205,-0.013570221,0.020070357,-0.032269984,0.00687671,0.026461931,-0.010476211,-0.005760559,0.017654859,0.03142863,0.0009550043,0.04041212,-0.02327293,-0.026597634,0.022892963,-0.0036877077,-0.011717886,0.0020287482,-0.04904278,0.022200882,0.043153305,-0.019676821,0.005631642,0.015632896,-0.0069242055,-0.009770559,0.001485091,-0.014411575,0.028470324,0.014777971,-0.017464874,-0.00050676294,0.014560848,-0.011358275,0.022336584,-0.0147372605,0.03115723,-0.00629319,-0.0054077334,0.017397024,0.0178177,-0.012219984,-0.015117226,0.0001496965,0.011012235,0.035798244,0.011663605,0.01663709,-0.015144367,-0.010021608,-0.02822606,0.031618617,0.029040273,0.0019897337,-0.0052381055,0.01780413,0.0067545776,0.03674816,-0.009356667,0.008366042,-0.013108834,0.0038166246,0.007300779,0.010598343,0.012396397,0.016148563,0.003972682,0.015212218,-0.027425418,-0.03129293,0.02576985,0.016759224,0.0011017324,0.009634857,0.00767396,-0.008929206,-0.02518633,0.004278012,-0.058514796,-0.012423538,0.012796719,0.0018167134,-0.010924028,0.0102726575,0.023259358,0.024317836,-0.0356354,0.0059301867,0.024195705,-0.004294975,-0.028958851,0.027696822,-0.00056910113,0.013780559,0.03004447,0.0035621831,0.022200882,0.032269984,0.00069504976,-0.024928497,0.013047768,0.0038742982,0.015578615,-0.00504473,-0.02024677,-0.02274369,-0.018469071,0.02153594,-0.01379413,0.019771812,-0.027004741,0.03498403,0.00037296905,-0.007531473,0.0189576,0.003860728,-0.003384074,0.00082142244,-0.016257126,-0.012376042,0.007911439,0.022038039,-0.022811541,0.0159043,0.006456033,-0.032785654,-0.013081693,-0.008705297,-0.018238377,0.004905635,-0.006072674,0.014045179,0.007538258,0.009092049,0.011860373,-0.020898141,0.0050922255,0.023191508,-0.010537277,-0.013373453,-0.030261593,-0.0038471578,0.010245517,-0.041497737,-0.010761186,0.021373099,-0.029311677,0.0015419164,-0.0053670225,-0.005346667,0.016514959,0.019921085,0.008386397,-0.018509781,-0.020721728,0.006805466,-0.007728241,0.005845373,-0.0025138834,-0.025932694]
[{role: assistant, content: [{type: text, text: 您好！我是您的回忆助手，很高兴与您一起回顾过去的时光。

你有没有在一次难忘的旅行中拍的照片？

这次旅行中品尝了当地的特色美食...
旅行中遇到了一个带给我无限启发的人...
那是我第一次体验到自然的壮丽景色...}]}, {role: user, content: [{type: text, text: 看这个}]}],[-0.005804662,0.0109375985,0.0156193245,-0.00022475679,-0.0061371326,0.03245997,-0.0074500516,-0.013936617,-0.019473268,-0.040222134,-0.018618343,0.011317564,-0.022228023,-0.02944738,-0.008779933,-0.010672979,0.032297127,0.004562987,0.019934654,-0.0025613792,0.009539866,0.03373557,-0.0014257213,0.0068563544,-0.009899477,-0.0021898944,0.025864841,-0.021563081,0.019812522,0.0013035894,0.026841898,-0.008433892,-0.010801896,-0.03433266,-0.0032229275,-0.02382931,-0.014845822,-0.008081066,0.013705923,0.008888495,0.011073301,0.002773414,0.012355686,0.02879601,-0.016324976,0.021332389,0.0005143962,-0.038105182,0.017695569,0.018455502,0.013217395,0.03368129,-0.021915907,-0.01135149,-0.0043696114,-0.013332742,-0.0030091966,0.04478173,0.0032042684,-0.033464167,-0.00917347,0.025023488,-0.034169815,0.008467818,0.0056045013,-0.009444874,-0.019323995,0.0016504782,0.0258377,0.020029647,0.0039319717,0.012708512,0.008786718,-0.0058860835,0.043478988,-0.016053572,0.012912066,0.0018099282,-0.0023205078,0.008793503,0.014235162,-0.02819892,0.0078096623,0.04041212,0.0063067605,0.042746197,-0.0054348735,0.028144639,-0.032297127,-0.03251425,0.007416126,0.028280342,-0.0027835916,0.012661017,0.014682979,0.030180173,0.005258461,0.028307483,-0.0035146873,-0.013787345,0.015565044,0.006065889,-0.03859371,-0.008813859,-0.026041254,-0.003341667,0.018726906,0.006622268,0.024304267,0.008820644,-0.037372388,0.044021796,0.010001253,-0.019771812,-0.05884048,-0.016949207,0.004837784,-0.013963758,-0.00238327,-0.025498446,-0.005421303,0.036856722,0.0057164556,-0.023069376,0.009682353,0.019351136,0.015958581,-0.014900103,0.0046410155,-0.016107854,0.033382744,0.028443184,0.024372118,0.0073957704,-0.02083029,0.011812878,-0.015252929,0.0075518284,-0.015415772,-0.00030087726,0.009838411,0.017546296,-0.022404436,-0.012199629,0.020436753,0.022811541,-0.016732084,0.0075111175,0.007782522,0.020721728,0.027981797,-0.031510055,0.0058318027,0.011419341,0.009438089,0.010523707,-0.0012493085,0.0034315698,-0.010706904,-0.023747887,0.0044205,0.011928225,0.012783148,-0.010571202,0.0061642732,0.035309717,0.011236143,0.015999291,0.013597362,-0.0022865823,-0.023001526,0.023001526,-0.016392827,0.0049022427,-0.010679764,-0.0038437652,0.018794756,0.013373453,-0.021006703,-0.0040303557,-0.030587278,-0.021698784,0.012091068,0.005601109,-0.0043289005,-0.024046432,-0.0032025722,-0.008779933,-0.013651643,-0.004189806,-0.0017437735,0.035255436,0.0022679232,-0.00027267664,-0.6296583,-0.0024154994,-0.0027174368,-0.007178647,0.017953403,0.009132759,-0.009723064,0.016650662,-0.010014824,-0.037019562,-0.029800206,0.015117226,0.01042193,-0.0020134817,-0.009003842,-0.01469655,0.006727437,-0.005302564,0.0013638072,-0.0037860917,-0.01594501,0.024005722,0.00035388593,0.012606735,-0.0054789768,-0.0033467559,-0.0054416587,-0.0052279276,-0.028253201,0.045161698,-0.042149108,-0.005112581,-0.0017895729,-0.011867158,0.06188021,0.006316938,-0.024087142,0.018156957,0.0053432747,0.032731373,-0.0128374295,0.005322919,0.015361491,0.0011373542,0.00856281,-0.003623249,-0.0042067687,0.016881356,0.0109579535,-0.017953403,0.009003842,0.015456482,0.00012085978,0.0013587184,0.008474603,-0.035364,0.020762438,-0.02750684,-0.008237124,0.0016301229,0.0111343665,0.019893944,-0.013746634,-0.01719347,-0.025891982,0.04062924,-0.021413809,0.009607716,0.0055773607,-0.02270298,0.0069683087,0.015076516,-0.004875102,-0.0017335957,-0.001270512,0.013047768,0.010279443,0.005051515,-0.0025138834,0.012654232,0.012491389,-0.01103259,0.0040948144,-0.01962254,-0.01165682,-0.01897117,-0.03938078,-0.0156193245,0.028606027,-0.008888495,0.017247751,-0.006469603,0.0010728956,0.005248283,-0.01379413,0.027452558,-0.03311134,-0.0009974113,0.015850019,-0.023449343,0.0035180799,0.0019744672,0.018156957,0.023517193,0.008114993,0.012830644,-0.024100713,0.0049497383,0.031075807,-0.026638344,0.00856281,0.00030002912,-0.0011085174,-0.014452286,-0.018631915,-0.0263398,0.012538885,0.016419968,0.02817178,0.0063372934,-0.00070734776,0.007850373,0.014574418,-0.00828462,0.010964739,0.033437025,0.00019019513,-0.019907515,-0.0026529783,0.015456482,0.021671643,-0.0017997506,0.01788555,-0.013203826,0.015646465,-0.00029557638,0.011229359,-0.007171862,0.021291677,-0.01591787,0.017315602,0.001949023,0.011860373,-0.026706196,-0.025199901,-0.013509155,0.0009948668,-0.0039184014,-0.027357567,-0.00658495,-0.0065340614,-0.0053432747,-0.014628699,0.013658428,0.0030770476,0.0062456946,0.00003994204,-0.008942775,-0.02274369,-0.012443893,0.0028548352,-0.0066460157,-0.016460678,-0.0007654453,-0.020640306,-0.024684232,0.01772271,0.024847075,-0.01663709,-0.02514562,-0.014805111,-0.0003965049,-0.020898141,-0.021590222,0.0065408465,0.015809309,-0.014492996,-0.0074093407,0.0195954,-0.01966325,-0.01777699,0.010544062,-0.011480407,-0.013597362,0.0128374295,-0.0008375371,0.0033976443,0.027751103,-0.021563081,0.041416317,0.0035621831,0.02822606,-0.015117226,-0.0029905376,-0.007667175,0.026584063,-0.0057639517,0.015836447,0.011989291,0.0030142854,0.0036368193,-0.022146601,0.016202845,-0.014411575,-0.0043730037,-0.015442912,0.0092548905,-0.0010839214,0.013081693,-0.007531473,0.027411846,-0.036531035,-0.0073347045,-0.0058250176,0.01228105,0.0076400344,0.01471012,0.01014374,-0.02327293,-0.030288734,0.0005271183,-0.0071922173,-0.013868766,-0.0009677264,-0.0048886724,0.0121521335,0.008942775,0.0071243662,-0.008332116,-0.011188648,0.017356314,0.013760204,0.0035180799,0.0030261592,-0.0037894843,-0.015755028,0.02695046,-0.030532997,0.040846366,0.005041337,-0.011887514,0.015415772,0.008332116,-0.014031609,0.0104694255,-0.008976702,0.020518174,0.004803858,-0.0022339977,0.015293639,-0.0018184097,0.010476211,-0.01291885,-0.0195954,-0.0017132404,0.009655212,-0.022214452,0.016799934,0.015280069,0.03745381,0.00015054464,0.0159043,0.022418005,-0.0010533885,0.006072674,-0.013000272,-0.008684942,-0.0090581225,-0.025362743,-0.014995094,0.008698512,-0.01770914,-0.006737615,-0.008209984,0.0041931984,0.0007069237,0.015497193,-0.0024273733,-0.0046070903,-0.007877514,-0.021888766,-0.028416043,0.021712353,0.007042945,-0.0012739046,-0.022377295,-0.037073843,0.012416753,-0.0073822006,0.0109579535,0.0077621667,0.009899477,-0.0018099282,0.00023917515,0.0041015996,0.024317836,0.026679056,-0.024154995,-0.014126601,-0.007945364,-0.016162133,-0.008277835,-0.004763148,-0.021522371,0.007226143,-0.0049700937,-0.015537904,0.0070225894,-0.0034773692,0.0002578342,-0.008807073,-0.014587988,-0.0066188755,-0.002951523,0.024629952,0.00858995,-0.02216017,-0.0053907703,0.027723962,0.008488174,-0.007857158,-0.0138959065,-0.014859392,0.029040273,0.033545587,0.045758788,-0.0014435323,-0.0022933674,0.022662269,0.019988935,-0.045921627,-0.017926263,0.012335331,-0.0059098313,-0.016664231,0.014615129,0.020463893,-0.0006886887,0.02153594,-0.002139006,-0.005845373,-0.011093656,0.016107854,-0.014357294,-0.0016352116,-0.003097403,0.026774047,0.014628699,-0.012342116,-0.016840644,0.027276145,0.026638344,0.0030210705,-0.029664503,0.0019320602,0.024412828,0.024765654,-0.004800466,-0.024046432,0.023354352,0.0056180716,0.019798953,0.020504605,0.0045358464,0.018156957,0.04456461,0.0109375985,-0.024752084,0.0065951278,-0.01168396,0.012396397,0.0134888,-0.016121423,0.007986075,0.0047461847,0.02324579,-0.012131778,-0.025607008,0.007904654,-0.0015258017,0.004417107,-0.018251948,-0.005858943,-0.01656924,0.016257126,-0.030722981,-0.0226487,-0.01779056,-0.025335602,-0.022173742,-0.028687447,-0.010856177,-0.018116245,0.008162488,-0.02028748,0.0017675214,-0.0011653428,-0.013149545,0.00031487155,0.015442912,0.010218376,-0.014805111,0.013515941,0.009682353,0.02091171,-0.024114283,0.023544334,-0.017953403,-0.01712562,0.009193825,0.0039150086,-0.015863588,-0.011426127,0.004427285,0.0165421,0.0081964135,0.014180881,0.010299798,0.007538258,-0.0065103136,-0.007897869,0.013237751,-0.010516922,-0.03259567,0.0041694506,-0.040764946,-0.00951951,-0.021508802,0.030804403,-0.008040356,0.011141152,0.02211946,0.0027632364,-0.013705923,0.016107854,-0.01715276,0.004637623,-0.004386574,-0.007321134,0.02027391,-0.0009626376,0.021658074,-0.006737615,-0.03129293,0.0019625933,-0.022960814,0.021943048,0.025552727,-0.008691727,0.018740475,-0.007416126,-0.009492369,0.017302033,-0.010320153,0.0021593615,-0.0039896453,-0.0073957704,0.009492369,-0.038295165,-0.008114993,-0.008556024,-0.0008231187,0.00080191524,-0.015768597,-0.023978582,-0.018048394,-0.006761363,-0.0012798415,0.022445146,-0.03373557,-0.012043571,-0.007293994,0.0036266416,0.02879601,0.0020779402,0.0011984202,-0.050454084,0.0014571025,0.007904654,-0.04472745,-0.024629952,0.021142405,-0.0014749134,0.0011365061,0.042529073,-0.002895546,0.00953308,0.0040269634,-0.0012671194,0.024046432,-0.00658495,-0.0052211424,-0.028958851,0.012111423,0.005699493,0.017682,-0.004936168,-0.018767616,-0.021237396,0.0062389094,0.003623249,0.0034654953,-0.018170526,-0.043180443,-0.016284266,-0.018007684,-0.027316855,0.01379413,-0.0060624965,0.002926079,0.02705902,-0.016881356,0.03262281,-0.0019032236,0.016406398,-0.030505858,0.0031788244,-0.01966325,-0.008325331,-0.005302564,-0.0156193245,0.002407018,-0.0058182324,0.014818681,0.031591475,0.0033993404,0.008155703,0.0065408465,0.0060150004,0.018211236,-0.027954657,-0.020898141,-0.01013017,-0.0070293746,-0.0070768707,-0.008522099,-0.003402733,-0.025512015,0.0040100003,-0.0021373099,-0.022662269,0.024358548,-0.011107226,-0.012314976,-0.025959833,-0.00428819,0.043940376,0.0013697442,0.025973404,0.013000272,-0.0031703429,-0.039950732,-0.046383016,0.016881356,-0.012091068,0.023150798,0.030125892,-0.005065085,0.004556202,0.025349174,0.028307483,-0.002608875,-0.037073843,-0.0013688961,0.014560848,0.014180881,-0.0048581394,-0.012817074,-0.0151307965,0.0070633003,-0.014370864,-0.016053572,-0.03259567,-0.0062999753,-0.031917162,0.011297209,0.0013900995,0.008501744,0.0021474876,-0.0069615236,0.0226487,0.00111191,-0.004552809,0.027276145,-0.012532099,0.022553708,-0.011799308,0.02017892,-0.020382473,0.040032152,0.007483977,-0.019323995,0.0023289893,0.035879664,-0.024209274,-0.025091339,0.004881887,0.0067104744,0.011263284,0.006690119,-0.008162488,0.007823233,-0.0030617812,-0.0055061174,0.029284537,0.0044713877,-0.0014096068,0.005845373,0.009044552,-0.012036786,0.01716633,0.014560848,-0.02699117,-0.019703962,-0.0031567728,-0.020016076,-0.004736007,0.035282575,-0.00067851105,-0.012762793,0.009288817,0.013814486,-0.019893944,0.0330842,-0.024385687,0.0005758863,-0.03305706,-0.007524688,0.008101422,-0.011303995,0.025566297,-0.011826448,-0.020409612,-0.009030982,0.0112904245,0.016664231,-0.008834214,0.02017892,0.019229004,-0.009370238,-0.017980544,0.009723064,-0.031917162,0.007483977,-0.008033571,0.015402202,0.0038776908,-0.036856722,0.012504959,-0.014235162,0.011575399,0.0016911888,-0.047984302,-0.019758243,-0.016229985,0.017505586,-0.00088800135,-0.021183116,-0.010442285,-0.0058487654,-0.015850019,0.017926263,0.01962254,-0.0159043,0.023557905,0.032297127,0.021820916,0.014303014,0.00027331273,0.010910458,-0.010313368,-0.0042915824,-0.0074500516,-0.0068326066,0.0073957704,0.02507777,-0.015578615,-0.0075450432,-0.013780559,-0.0085492395,-0.045270257,-0.03560826,-0.024969207,0.01772271,0.013176685,0.005658782,-0.024629952,-0.00062295794,-0.009166685,0.011405771,-0.0049633086,-0.010510136,0.01964968,-0.017831272,0.009492369,0.035961088,-0.04231195,-0.023802169,0.004386574,-0.015171507,0.014343724,0.02198376,-0.014031609,-0.021373099,-0.021861626,-0.0049497383,-0.007117581,0.010510136,0.034875467,-0.021359527,-0.008209984,-0.012057141,-0.01532078,0.0025698608,0.006703689,-0.004776718,0.0029532195,0.025254183,0.0011314172,-0.00083965744,0.018184097,-0.011575399,0.018034823,-0.00735506,-0.004278012,0.03425124,0.007321134,0.00087697554,-0.011887514,0.0035418277,-0.025593437,-0.005767344,0.013135974,-0.011493977,0.028307483,-0.014791541,0.016270695,-0.03129293,0.0042644423,0.012844214,0.00039184015,-0.0269776,0.008651016,0.023842879,-0.02083029,-0.012844214,-0.012593165,-0.04977557,-0.028470324,-0.010340509,0.00006249723,-0.023055807,-0.0092141805,0.025335602,-0.016352117,-0.01229462,0.004220339,-0.0025953047,-0.003935364,0.016976347,0.24643523,-0.017695569,-0.006727437,0.003078744,-0.008990272,0.013549866,0.017424164,0.0121521335,0.0058250176,-0.008081066,-0.008712082,0.015741456,-0.015470052,-0.014167311,0.00085577206,-0.057212055,-0.05156684,-0.014438716,-0.009756989,-0.03669388,0.005346667,-0.019378277,-0.0048920647,-0.026136246,0.022255164,-0.011968935,0.008766363,-0.026258377,0.0029413456,0.029121695,-0.028524606,-0.013889122,0.012844214,0.015999291,-0.015578615,0.0053059566,0.009790915,0.014330153,0.034739766,0.012308191,0.0020287482,-0.024005722,0.03134721,0.0049904487,0.0171799,-0.0063678264,-0.021373099,-0.026027685,-0.0104694255,0.025349174,-0.006255872,-0.01780413,0.031211508,0.037589513,0.02028748,0.004013393,0.017980544,0.009804485,-0.012355686,0.019269714,-0.02024677,0.046138752,-0.011236143,-0.0046817265,-0.004539239,0.011751812,0.006157488,-0.016311405,0.027425418,-0.0085288845,0.01655567,-0.018021254,-0.024684232,-0.01838765,-0.028741729,-0.021644503,0.013936617,0.00006376944,0.01964968,0.028524606,-0.010259087,-0.006462818,-0.002627534,-0.0023289893,-0.0057809143,-0.038295165,0.024304267,-0.0043289005,-0.024168564,-0.013129189,-0.006364434,0.0044679954,-0.0032856897,-0.007972505,0.010917243,0.0009142937,0.0019066161,0.013699139,-0.017871981,-0.0075721834,-0.006357649,0.029474521,0.009458444,0.025593437,-0.011107226,-0.016284266,-0.009030982,-0.0035757534,-0.0016954296,0.011731456,0.0013934921,-0.014777971,-0.0025478092,-0.010177666,-0.036395334,-0.0017064554,-0.0050006267,-0.013373453,0.018279089,-0.024317836,0.012030001,-0.016935635,-0.018170526,-0.0021474876,-0.011853589,-0.018292658,-0.008929206,0.00383698,0.019120442,-0.05083405,0.03739953,-0.016677802,0.037833776,-0.0025986973,-0.0059471494,0.010829037,0.024222845,0.0059708976,0.007999646,0.01042193,0.008461033,-0.0004179204,0.01532078,-0.02198376,0.01902545,-0.021780206,-0.0074364813,-0.0024256771,0.012301406,-0.011853589,-0.02332721,0.001625034,-0.009967327,-0.0029718785,0.03560826,0.012342116,-0.038105182,-0.0018234985,0.010883317,-0.018265517,-0.038837973,-0.0026360154,0.033545587,-0.0051465062,-0.0061914134,0.00060896366,-0.17424165,0.018279089,0.00981127,-0.056017872,-0.0015012057,-0.009139544,-0.009315957,-0.0044713877,0.002332382,0.00799286,0.003853943,-0.02149523,-0.042366233,-0.026421221,-0.006842784,0.024263555,-0.018034823,0.007110796,0.014832252,0.012898495,0.025050629,-0.018984739,-0.013936617,0.0061981985,0.005903046,0.0070972256,0.024344977,0.0056723524,-0.011052946,0.002155969,0.0156193245,-0.0071990024,0.01164325,0.002608875,0.019215433,0.014669409,-0.005804662,0.00058182323,-0.017329173,0.022635128,0.022635128,0.038268026,-0.0032178387,0.011514333,-0.019432558,0.022974385,-0.011080085,-0.018238377,0.0070768707,0.003921794,0.009098833,-0.040140714,0.04168772,0.022540137,0.00088800135,0.027751103,0.006829214,0.022553708,0.01660995,0.022811541,0.001142443,-0.025824131,0.000011840813,0.01286457,0.0051363287,-0.00829819,-0.011534688,0.00766039,0.006601913,0.0019320602,-0.02517276,-0.014208022,0.017437734,0.010639054,0.025362743,0.0081760585,-0.008651016,0.015795738,0.0063508637,0.009370238,-0.012084282,0.02817178,-0.022038039,0.017926263,-0.010211592,0.018794756,0.015117226,0.0030024115,-0.0065035284,-0.013380238,0.03064156,-0.028551746,-0.008915636,-0.0032381942,-0.030451577,0.021766635,-0.016799934,0.023775028,-0.011778953,-0.007897869,0.0015580311,0.00031253917,0.0075111175,-0.008813859,0.009492369,0.0020847253,0.0076875305,0.017329173,0.033382744,-0.020965992,-0.006914028,0.010910458,0.009980897,0.025050629,-0.007918224,0.027221864,-0.016813504,-0.040222134,0.022255164,-0.0026902964,-0.029474521,-0.021590222,-0.004278012,-0.012043571,-0.009872336,-0.008304975,-0.08158417,-0.040140714,0.007300779,-0.0014138474,-0.0226487,-0.0011466837,0.013346313,-0.00013814062,-0.021915907,-0.0010101333,-0.001264575,-0.009166685,-0.0099198315,-0.01319704,0.0202332,0.0003721209,-0.00073406415,-0.009051338,-0.022241592,0.039570764,-0.007470407,-0.031917162,0.022418005,-0.01906616,-0.0004715652,0.019921085,-0.014615129,0.02643479,0.006320331,0.0067783254,0.0066154827,0.0002639832,0.0022356939,-0.016827075,-0.0021101695,0.00009154598,-0.03498403,0.0014028216,0.028606027,-0.02270298,-0.00252915,0.001423177,0.01165682,-0.019432558,0.006456033,-0.0066154827,-0.022974385,0.022540137,-0.0023306855,-0.009288817,-0.0032025722,0.013923047,-0.02081672,0.008399967,0.04103635,0.006215161,0.019907515,0.012532099,0.000009813231,-0.008712082,0.03001733,-0.026095536,-0.030315874,0.022377295,0.028904572,0.02024677,-0.0068529616,0.008128563,-0.015592184,-0.01655567,-0.012599951,0.03175432,-0.014303014,-0.0008337205,-0.036531035,-0.0039489344,-0.017247751,-0.0067783254,0.027764672,-0.051946808,-0.013617717,-0.02202447,0.016080713,-0.015578615,0.0073754154,0.0030329444,0.008508529,-0.013509155,-0.0031533802,-0.038702272,-0.009404164,0.019473268,0.013536296,-0.0036741374,0.014058749,0.0028361762,0.0062830127,0.01532078,-0.0028887608,-0.008155703,-0.0061371326,-0.022811541,-0.074581936,0.013950188,-0.006469603,0.0061371326,0.0027377922,-0.00673083,0.015565044,-0.011663605,-0.0094109485,-0.004081244,0.0037284184,0.0035520054,-0.0070633003,0.0010211591,-0.008461033,-0.02885029,0.000045481444,-0.0014927244,0.007782522,0.024969207,0.0010067408,0.008094637,0.004827606,-0.0056486046,0.005075263,0.011717886,-0.012165704,0.041117772,-0.0119757205,-0.013570221,0.020070357,-0.032269984,0.00687671,0.026461931,-0.010476211,-0.005760559,0.017654859,0.03142863,0.0009550043,0.04041212,-0.02327293,-0.026597634,0.022892963,-0.0036877077,-0.011717886,0.0020287482,-0.04904278,0.022200882,0.043153305,-0.019676821,0.005631642,0.015632896,-0.0069242055,-0.009770559,0.001485091,-0.014411575,0.028470324,0.014777971,-0.017464874,-0.00050676294,0.014560848,-0.011358275,0.022336584,-0.0147372605,0.03115723,-0.00629319,-0.0054077334,0.017397024,0.0178177,-0.012219984,-0.015117226,0.0001496965,0.011012235,0.035798244,0.011663605,0.01663709,-0.015144367,-0.010021608,-0.02822606,0.031618617,0.029040273,0.0019897337,-0.0052381055,0.01780413,0.0067545776,0.03674816,-0.009356667,0.008366042,-0.013108834,0.0038166246,0.007300779,0.010598343,0.012396397,0.016148563,0.003972682,0.015212218,-0.027425418,-0.03129293,0.02576985,0.016759224,0.0011017324,0.009634857,0.00767396,-0.008929206,-0.02518633,0.004278012,-0.058514796,-0.012423538,0.012796719,0.0018167134,-0.010924028,0.0102726575,0.023259358,0.024317836,-0.0356354,0.0059301867,0.024195705,-0.004294975,-0.028958851,0.027696822,-0.00056910113,0.013780559,0.03004447,0.0035621831,0.022200882,0.032269984,0.00069504976,-0.024928497,0.013047768,0.0038742982,0.015578615,-0.00504473,-0.02024677,-0.02274369,-0.018469071,0.02153594,-0.01379413,0.019771812,-0.027004741,0.03498403,0.00037296905,-0.007531473,0.0189576,0.003860728,-0.003384074,0.00082142244,-0.016257126,-0.012376042,0.007911439,0.022038039,-0.022811541,0.0159043,0.006456033,-0.032785654,-0.013081693,-0.008705297,-0.018238377,0.004905635,-0.006072674,0.014045179,0.007538258,0.009092049,0.011860373,-0.020898141,0.0050922255,0.023191508,-0.010537277,-0.013373453,-0.030261593,-0.0038471578,0.010245517,-0.041497737,-0.010761186,0.021373099,-0.029311677,0.0015419164,-0.0053670225,-0.005346667,0.016514959,0.019921085,0.008386397,-0.018509781,-0.020721728,0.006805466,-0.007728241,0.005845373,-0.0025138834,-0.025932694]
